run_id,selection_split,test_split,model,precision_requested,precision_resolved,effective_input_channels,width,backbone_output_channels,embedding_dim,dropout,stage_depths,stem_stride,reparameterize_depthwise,classification_head,label_smoothing,logit_scale,angular_margin,margin_warmup_ratio,epochs,resolved_epochs,batch_size,world_size,effective_global_batch_size,optimizer_step_policy,reference_batch_size,total_optimizer_steps,image_size,validation_top1,validation_top5,validation_macro_recall,validation_tail_recall,top1,top5,macro_recall,head_recall,mid_recall,tail_recall,expected_calibration_error,parameter_count,backbone_parameter_count,embedding_projection_parameter_count,classifier_parameter_count,head_parameter_count,estimated_macs,estimated_backbone_macs,estimated_embedding_projection_macs,estimated_classifier_macs,estimated_head_macs,mac_coverage_complete,unsupported_operator_types,full_class_num_classes,full_class_parameter_count,full_class_estimated_macs,latency_p50_ms,latency_p95_ms,latency_p99_ms,end_to_end_latency_p50_ms,end_to_end_latency_p95_ms,end_to_end_latency_p99_ms,samples_per_second,peak_inference_cuda_memory_mib,peak_training_cuda_memory_mib,learning_rate,resolved_learning_rate,learning_rate_scaling,lr_warmup_ratio,weight_decay,scheduler,seed,max_classes
20260913T114748Z-064d3b6b,validation,test,resnet18,bfloat16,bfloat16,1,,,512,,,,,cosface,0.0,32.0,0.1,0.2,20,20,256,1,256,configured_epochs,256,216780,96,0.974994413995242,0.9955574832748446,0.9755881782538153,0.9765815319391611,0.964887632881997,0.992832588888829,0.9684058882846942,0.9596187283533555,0.9681469879031476,0.9779699295279529,0.01706154316894784,14849472,11170240,0,3679232,3679232,322331648,318652416,0,3679232,3679232,False,"[""AdaptiveAvgPool2d"", ""BatchNorm2d"", ""Identity"", ""MaxPool2d"", ""ReLU""]",7186,14849472,322331648,2.570314100012183,2.590564079582691,2.601013984531164,2.776423003524542,2.797433058731258,2.811413025483489,388.95903233323304,116.8310546875,875.701171875,0.0003,0.0003,none,0.0,0.0001,cosine,7,7186
20260913T114748Z-d2e5e0a9,validation,test,efficient_hccr,bfloat16,bfloat16,1,80,320,320,0.1,"2,3,3",2,False,cosface,0.0,32.0,0.1,0.2,20,20,256,1,256,configured_epochs,256,216780,96,0.9729473075457067,0.9952190371042151,0.9741676104847989,0.9770629963059844,0.9601677290042404,0.9918560106036197,0.9652249771599537,0.9529853193859699,0.9648313051006168,0.9786459250660613,0.0054479436696315015,2715360,415840,0,2299520,2299520,128351360,126051840,0,2299520,2299520,False,"[""AdaptiveAvgPool2d"", ""BatchNorm2d"", ""Dropout"", ""Identity"", ""ModuleList"", ""SiLU""]",7186,2715360,128351360,2.1344140404835343,2.1571950055658817,2.235634019598365,2.330683986656368,2.3527739103883505,2.3654840188100934,465.02271465407324,60.01708984375,2652.595703125,0.0003,0.0003,none,0.0,0.0001,cosine,7,7186
20260913T141457Z-dc1f3121,validation,test,resnet18,bfloat16,bfloat16,1,,,512,,,,,cosface,0.0,32.0,0.1,0.2,20,20,256,1,256,configured_epochs,256,216780,96,0.9748859797852345,0.9955706268154515,0.975920739633775,0.9783853328602352,0.9632968205305042,0.99234497324849,0.9673767298024746,0.9578897461326799,0.966474071638516,0.979572316118748,0.01761736642354281,14849472,11170240,0,3679232,3679232,322331648,318652416,0,3679232,3679232,False,"[""AdaptiveAvgPool2d"", ""BatchNorm2d"", ""Identity"", ""MaxPool2d"", ""ReLU""]",7186,14849472,322331648,2.600093954242766,2.6171529898419976,2.6270441012457013,2.7859830297529697,2.802192931994796,2.8149629943072796,384.32855593752953,116.8310546875,875.701171875,0.0003,0.0003,none,0.0,0.0001,cosine,17,7186
20260913T164520Z-301a9fa4,validation,test,resnet18,bfloat16,bfloat16,1,,,512,,,,,cosface,0.0,32.0,0.1,0.2,20,20,256,1,256,configured_epochs,256,216780,96,0.9750009857655455,0.9954490490648371,0.9758401394777876,0.9777007847376369,0.9641090642628922,0.9924810207061536,0.9678293799875705,0.958872492257637,0.9673159773416892,0.9783268329290832,0.017230959775190985,14849472,11170240,0,3679232,3679232,322331648,318652416,0,3679232,3679232,False,"[""AdaptiveAvgPool2d"", ""BatchNorm2d"", ""Identity"", ""MaxPool2d"", ""ReLU""]",7186,14849472,322331648,2.558354055508971,2.580513944849372,2.5924439541995525,2.744414028711617,2.7671940624713898,2.7828639140352607,391.0130738916069,116.8310546875,875.701171875,0.0003,0.0003,none,0.0,0.0001,cosine,29,7186
20260913T161718Z-010aca1f,validation,test,efficient_hccr,bfloat16,bfloat16,1,80,320,320,0.1,"2,3,3",2,False,cosface,0.0,32.0,0.1,0.2,20,20,256,1,256,configured_epochs,256,216780,96,0.9726285766859877,0.9953373289696779,0.973422690728793,0.9751202915971002,0.9634126629201981,0.9928379769069543,0.9672179679384061,0.9581847636505154,0.9671002373335613,0.9766044459688786,0.005031430148102816,2715360,415840,0,2299520,2299520,128351360,126051840,0,2299520,2299520,False,"[""AdaptiveAvgPool2d"", ""BatchNorm2d"", ""Dropout"", ""Identity"", ""ModuleList"", ""SiLU""]",7186,2715360,128351360,2.0575060043483973,2.0803760271519423,2.0895960042253137,2.25490506272763,2.2844659397378564,2.3274460108950734,485.0842227838404,60.01708984375,2652.595703125,0.0003,0.0003,none,0.0,0.0001,cosine,17,7186
20260913T191551Z-65601f65,validation,test,mobilenet_v3_small,bfloat16,bfloat16,1,,,1024,,,,,cosface,0.0,32.0,0.1,0.2,20,20,256,1,256,configured_epochs,256,216780,96,0.9528672633834102,0.9918444330533759,0.9557409977248115,0.9635131151764538,0.9419171646093417,0.9889949729790891,0.9485889408376479,0.9316529093749041,0.9479119279642456,0.9675564820499472,0.021459346041467636,8876032,926720,590848,7358464,7949312,17742272,9793984,589824,7358464,7948288,False,"[""AdaptiveAvgPool2d"", ""BatchNorm2d"", ""Dropout"", ""Hardsigmoid"", ""Hardswish"", ""Identity"", ""ReLU""]",7186,8876032,17742272,5.094208987429738,5.4021390387788415,5.491207935847342,5.321598961018026,5.370797938667238,5.386818083934486,195.4646021673198,122.16796875,688.31689453125,0.0003,0.0003,none,0.0,0.0001,cosine,7,7186
20260913T204726Z-7a8640ae,validation,test,efficient_hccr,bfloat16,bfloat16,1,80,320,320,0.1,"2,3,3",2,False,cosface,0.0,32.0,0.1,0.2,20,20,256,1,256,configured_epochs,256,216780,96,0.9719319690338183,0.9951106028942076,0.9737134241714177,0.9778773942566263,0.9584691562902418,0.9911878963560833,0.9641794185586208,0.9497993640654059,0.9637385008329372,0.9798825330609846,0.005224311661018409,2715360,415840,0,2299520,2299520,128351360,126051840,0,2299520,2299520,False,"[""AdaptiveAvgPool2d"", ""BatchNorm2d"", ""Dropout"", ""Identity"", ""ModuleList"", ""SiLU""]",7186,2715360,128351360,2.151545020751655,2.178695984184742,2.2024959325790405,2.3634149692952633,2.4166859220713377,2.4835150688886642,464.68490479618976,60.01708984375,2652.595703125,0.0003,0.0003,none,0.0,0.0001,cosine,29,7186
20260913T225308Z-d5c6a2be,validation,test,mobilenet_v3_small,bfloat16,bfloat16,1,,,1024,,,,,cosface,0.0,32.0,0.1,0.2,20,20,256,1,256,configured_epochs,256,216780,96,0.9520983662579026,0.9915191304233535,0.9550590921916322,0.9622031561874532,0.9398158375404775,0.9884480891393719,0.9471536048213111,0.9289531432587446,0.9462717526877878,0.9680002364602529,0.022134969193405504,8876032,926720,590848,7358464,7949312,17742272,9793984,589824,7358464,7948288,False,"[""AdaptiveAvgPool2d"", ""BatchNorm2d"", ""Dropout"", ""Hardsigmoid"", ""Hardswish"", ""Identity"", ""ReLU""]",7186,8876032,17742272,5.079948925413191,5.157859995961189,5.411079037003219,5.308539024554193,5.377238965593278,5.397038999944925,195.52462201473824,122.16796875,688.31689453125,0.0003,0.0003,none,0.0,0.0001,cosine,17,7186
20260914T022812Z-dfe2412b,validation,test,mobilenet_v3_small,bfloat16,bfloat16,1,,,1024,,,,,cosface,0.0,32.0,0.1,0.2,20,20,256,1,256,configured_epochs,256,216780,96,0.9503601330126309,0.9911281100902961,0.9533304410543737,0.9609263186462061,0.9390399629304353,0.9883255117270214,0.9457847569938986,0.9289402298893865,0.9449771611092117,0.9650526337537826,0.02164371404830717,8876032,926720,590848,7358464,7949312,17742272,9793984,589824,7358464,7948288,False,"[""AdaptiveAvgPool2d"", ""BatchNorm2d"", ""Dropout"", ""Hardsigmoid"", ""Hardswish"", ""Identity"", ""ReLU""]",7186,8876032,17742272,5.109698045998812,5.148548050783575,5.173768964596093,5.265968036837876,5.368377896957099,5.4375879699364305,195.58293502318665,122.16796875,688.31689453125,0.0003,0.0003,none,0.0,0.0001,cosine,29,7186
20260914T040219Z-d03507d1,validation,test,efficient_hccr,bfloat16,bfloat16,1,80,320,320,0.1,"2,3,3",2,True,cosface,0.0,32.0,0.1,0.2,20,20,256,1,256,configured_epochs,256,216780,96,0.9732693242905774,0.99536033016574,0.9747188555160389,0.9791040338943579,0.9585351595122766,0.9914626852804733,0.9643582442540124,0.9504908566378578,0.9636585371937709,0.9803252399729936,0.005578058378559894,2728960,429440,0,2299520,2299520,132636800,130337280,0,2299520,2299520,False,"[""AdaptiveAvgPool2d"", ""BatchNorm2d"", ""Dropout"", ""Identity"", ""SiLU""]",7186,2728960,132636800,3.8572209887206554,3.886651014909148,3.8970420137047768,4.041190957650542,4.065171000547707,4.171379958279431,258.88153184668266,60.11669921875,3381.50537109375,0.0003,0.0003,none,0.0,0.0001,cosine,7,7186
20260914T055805Z-fd15c1fa,validation,test,efficientnet_b0,bfloat16,bfloat16,1,,,1280,,,,,cosface,0.0,32.0,0.1,0.2,20,20,256,1,256,configured_epochs,256,216780,96,0.9728815898426718,0.9958236399721357,0.9737544054877628,0.975072271228212,0.9641629444441451,0.993499356131834,0.9678855277116944,0.9590435570235668,0.9675793265708104,0.9776463149060798,0.016705981879391645,13205052,4006972,0,9198080,9198080,79011808,69813728,0,9198080,9198080,False,"[""AdaptiveAvgPool2d"", ""BatchNorm2d"", ""Dropout"", ""Identity"", ""SiLU"", ""Sigmoid"", ""StochasticDepth""]",7186,13205052,79011808,7.855262025259435,9.325677994638681,11.822572909295559,7.977612083777785,8.712639915756881,10.09431597776711,123.92225064793963,155.5849609375,2409.5576171875,0.0003,0.0003,none,0.0,0.0001,cosine,7,7186
20260914T121353Z-45eeedc8,validation,test,efficientnet_b0,bfloat16,bfloat16,1,,,1280,,,,,cosface,0.0,32.0,0.1,0.2,20,20,256,1,256,configured_epochs,256,216780,96,0.9725497154423458,0.9959485036079019,0.9730034853075888,0.9739061441317046,0.9652809582051434,0.9938711293824792,0.9685387756379591,0.9610819100734475,0.9681600799638285,0.9771319917569949,0.016176947276653027,13205052,4006972,0,9198080,9198080,79011808,69813728,0,9198080,9198080,False,"[""AdaptiveAvgPool2d"", ""BatchNorm2d"", ""Dropout"", ""Identity"", ""SiLU"", ""Sigmoid"", ""StochasticDepth""]",7186,13205052,79011808,7.833961979486048,7.8774020075798035,8.155750925652683,8.118230965919793,8.166100946255028,8.46442102920264,127.5312177042339,155.5849609375,2409.5576171875,0.0003,0.0003,none,0.0,0.0001,cosine,17,7186
20260914T114052Z-00692c42,validation,test,efficient_hccr,bfloat16,bfloat16,1,80,320,320,0.1,"2,3,3",2,True,cosface,0.0,32.0,0.1,0.2,20,20,256,1,256,configured_epochs,256,216780,96,0.9730064534784381,0.9952551818408844,0.9751948964412851,0.9808223379295359,0.9521665220881803,0.9899755922778924,0.9599608856740041,0.9405229473185,0.9588912698256664,0.982608415914012,0.006513375805767402,2728960,429440,0,2299520,2299520,132636800,130337280,0,2299520,2299520,False,"[""AdaptiveAvgPool2d"", ""BatchNorm2d"", ""Dropout"", ""Identity"", ""SiLU""]",7186,2728960,132636800,3.756660968065262,3.8367320084944367,3.9253809954971075,3.9729299023747444,4.001570981927216,4.017091006971896,262.9733396101864,60.11669921875,3381.50537109375,0.0003,0.0003,none,0.0,0.0001,cosine,17,7186
20260914T183224Z-002c745f,validation,test,efficientnet_b0,bfloat16,bfloat16,1,,,1280,,,,,cosface,0.0,32.0,0.1,0.2,20,20,256,1,256,configured_epochs,256,216780,96,0.972267129319296,0.9956396304036381,0.9723974371558363,0.9723606675816896,0.9651018066024775,0.9937014068115325,0.9681764357466692,0.9610535076989615,0.9679855838272656,0.9758720523653368,0.01648735336826705,13205052,4006972,0,9198080,9198080,79011808,69813728,0,9198080,9198080,False,"[""AdaptiveAvgPool2d"", ""BatchNorm2d"", ""Dropout"", ""Identity"", ""SiLU"", ""Sigmoid"", ""StochasticDepth""]",7186,13205052,79011808,8.053851081058383,8.095821016468108,8.112421026453376,8.223669952712953,8.318430045619607,8.860280038788915,124.19560586593195,155.5849609375,2409.5576171875,0.0003,0.0003,none,0.0,0.0001,cosine,29,7186
20260914T191814Z-89bc5055,validation,test,efficient_hccr,bfloat16,bfloat16,1,80,320,320,0.1,"2,3,3",2,True,cosface,0.0,32.0,0.1,0.2,20,20,256,1,256,configured_epochs,256,216780,96,0.9721225503726194,0.9949824533732897,0.9739607123950696,0.978748522714666,0.9560768762426117,0.9906019493849577,0.9625178017801506,0.9470254291161649,0.9617572300646119,0.980292418868216,0.005843026315571657,2728960,429440,0,2299520,2299520,132636800,130337280,0,2299520,2299520,False,"[""AdaptiveAvgPool2d"", ""BatchNorm2d"", ""Dropout"", ""Identity"", ""SiLU""]",7186,2728960,132636800,3.664531046524644,3.701182082295418,3.723880974575877,3.8936110213398933,3.945839940570295,3.9546400075778365,272.6811699437096,60.11669921875,3381.50537109375,0.0003,0.0003,none,0.0,0.0001,cosine,29,7186
20260915T145404Z-37829cdf,validation,test,shufflenet_v2_x1_0,bfloat16,bfloat16,1,,,1024,,,,,cosface,0.0,32.0,0.1,0.2,20,20,256,1,256,configured_epochs,256,216780,96,0.9543393399313908,0.9916932823363958,0.9554639174141335,0.9583630165685172,0.9488596259637817,0.9897721945936626,0.9531416449517734,0.9430497964780314,0.9525081563195849,0.9651344001631618,0.015896012539119073,8611636,1253172,0,7358464,7358464,32790808,25432344,0,7358464,7358464,False,"[""BatchNorm2d"", ""Identity"", ""MaxPool2d"", ""ReLU"", ""Sequential""]",7186,8611636,32790808,6.236515007913113,6.275244988501072,6.285074865445495,6.441804813221097,6.477024871855974,6.549393991008401,160.3451188741189,121.18994140625,799.78125,0.0003,0.0003,none,0.0,0.0001,cosine,7,7186
20260915T184306Z-1564e685,validation,test,shufflenet_v2_x1_0,bfloat16,bfloat16,1,,,1024,,,,,cosface,0.0,32.0,0.1,0.2,20,20,256,1,256,configured_epochs,256,216780,96,0.9543459117016942,0.9917655718097341,0.9564709175225311,0.9618602517871828,0.947531479495897,0.9895661029003702,0.9523728440954834,0.9407928081401102,0.9515391975143422,0.9664543999241207,0.015874068495349225,8611636,1253172,0,7358464,7358464,32790808,25432344,0,7358464,7358464,False,"[""BatchNorm2d"", ""Identity"", ""MaxPool2d"", ""ReLU"", ""Sequential""]",7186,8611636,32790808,6.190512096509337,6.2206219881772995,6.2495621386915445,6.365502020344138,6.404102081432939,6.427501793950796,161.32768868305902,121.18994140625,799.78125,0.0003,0.0003,none,0.0,0.0001,cosine,17,7186
20260915T223232Z-d74ef695,validation,test,shufflenet_v2_x1_0,bfloat16,bfloat16,1,,,1024,,,,,cosface,0.0,32.0,0.1,0.2,20,20,256,1,256,configured_epochs,256,216780,96,0.9537478806040771,0.9915848481263883,0.9551918681604918,0.9584867922210212,0.9475207034596465,0.9894933646556787,0.9516596932457301,0.9420080900118364,0.9509449263870186,0.9634560944578866,0.01628207878131822,8611636,1253172,0,7358464,7358464,32790808,25432344,0,7358464,7358464,False,"[""BatchNorm2d"", ""Identity"", ""MaxPool2d"", ""ReLU"", ""Sequential""]",7186,8611636,32790808,6.277416134253144,6.342627108097076,6.424346007406712,6.441425997763872,6.494305096566677,6.5531050786376,159.44237740409213,121.18994140625,799.78125,0.0003,0.0003,none,0.0,0.0001,cosine,29,7186
